appTitle,userName,date,score,text,fileDate,appCategory,UID,contentRating,processed_text,word_length_processed,date2,date_year,date_month,Sentiment,Constructive_Score
,Alexander Laurin,2018-09-19 00:00:00,5,Excellent app. I've lost 10lbs since using it. I am only using the free addition. I'm very grateful.,2019-05-01,HEALTH AND FITNESS,2019-05-01_HEALTH_AND_FITNESS_4397,,Excellent I lost using it I am using the free I very grateful,13,2018-09-19 00:00:00,2018,9,5,0
Lose Belly Fat in 30 Days - Flat Stomach,,2019-02-22 00:00:00,5,it's rlly good I have lost half my weight in just 2 days ( with morning stretches ) and it talks you through it . also it gives you tips . definitely a must,2019-03-24,HEALTH AND FITNESS,2019-03-24_HEALTH_AND_FITNESS_8396,Everyone,it good I have lost half my weight in just days with morning stretches and it talks you through it also it gives you tips a must,27,2019-02-22 00:00:00,2019,2,5,8
,Nehal Youssef,2019-02-24 00:00:00,5,So cool and organised,2019-05-01,HEALTH AND FITNESS,2019-05-01_HEALTH_AND_FITNESS_15059,,So cool and,3,2019-02-24 00:00:00,2019,2,4,0
Drink Water Reminder: Water Tracker & Alarm,Nazmul Babu,2019-03-22 00:00:00,5,i love it,2019-03-24,HEALTH AND FITNESS,2019-03-24_HEALTH_AND_FITNESS_4079,Everyone,i love it,3,2019-03-22 00:00:00,2019,3,5,0
Lose Belly Fat in 30 Days - Flat Stomach,Ana Garcia,2019-04-09 00:00:00,5,"so helpful! I barely got it and it's amazing, it's full of tips for a better work out!",2019-05-09,HEALTH AND FITNESS,2019-05-09_HEALTH_AND_FITNESS_33815,Everyone,so helpful I barely got it and it it full of tips for a better work out,17,2019-04-09 00:00:00,2019,4,5,4
Calorie Counter - MyFitnessPal,A Google User,2019-05-04 00:00:00,4,My fitness pal is great for tracking everything you put in your mouth. It's helped me stay accountable for what I'm putting in my body. I've also made many friends that are trying to get and stay healthy as well. So far I've lost 34 lbs 😀,2019-05-09,HEALTH AND FITNESS,2019-05-09_HEALTH_AND_FITNESS_1957,Everyone,My fitness pal is great for tracking you put in your mouth It helped me stay accountable for what I putting in my I also made many friends that are trying to get and stay as well So far I lost,41,2019-05-04 00:00:00,2019,5,5,6
"Calm - Meditate, Sleep, Relax",sue vogt,2019-04-16 00:00:00,4,i love calm. the meditations and bedtime stories especially. The only reason I didn't give it five stars is that my 30 day guest pass was unusable and after I paid the $59.95 it apparently lost my membership as everytime I try to open it I'm asked to upgrade and pay again. Hopefully these bugs will soon be corrected and I will gladly rate it a 5 star.,2019-05-09,HEALTH AND FITNESS,2019-05-09_HEALTH_AND_FITNESS_12402,Everyone,i love calm the and The reason I did give it five stars is that my day guest pass was and after I the it lost my membership as I try to open it I asked to and pay again Hopefully these bugs will soon be corrected and I will rate it a star,54,2019-04-16 00:00:00,2019,4,4,9
Samsung Health,Fahmur Razaq,2019-03-27 00:00:00,4,step still count when im in motorcycle. hope u can solve this problem. maybe add pause button in homescreen widget can help. honestly so hard find your pause step,2019-04-01,HEALTH AND FITNESS,2019-04-01_HEALTH_AND_FITNESS_3518,Everyone,step still count when in hope u can problem add button in can help so hard find your step,19,2019-03-27 00:00:00,2019,3,3,8
,A Google User,2019-01-08 00:00:00,4,"I enjoy feeling self-centered and calm. Great app, although it would be nice if you made more free coures. Then I will give you 5 stars. Other than that; this is an amazing app!",2019-05-01,HEALTH AND FITNESS,2019-05-01_HEALTH_AND_FITNESS_39187,,I enjoy feeling and calm Great although it would be nice if you made more free Then I will give you stars Other than that is an,27,2019-01-08 00:00:00,2019,1,4,4
Fitbit,Suzanne Cole,2019-03-08 00:00:00,4,Good so far,2019-03-24,HEALTH AND FITNESS,2019-03-24_HEALTH_AND_FITNESS_19520,Everyone,Good so far,3,2019-03-08 00:00:00,2019,3,3,0
,Charlie McClelland,2019-03-24 00:00:00,2,great when it works.,2019-05-01,HEALTH AND FITNESS,2019-05-01_HEALTH_AND_FITNESS_30959,,great when it works,4,2019-03-24 00:00:00,2019,3,3,0
"Calm - Meditate, Sleep, Relax",Aidan Doyle,2019-03-23 00:00:00,2,"Its not free, and is quite expensive for the yearly option.",2019-04-01,HEALTH AND FITNESS,2019-04-01_HEALTH_AND_FITNESS_43600,Everyone,Its not free and is quite for the option,9,2019-03-23 00:00:00,2019,3,0,0
,JoleneC,2019-04-15 00:00:00,2,I have recently purchased a Samsung watch active. The Samsung Healthy app do not have an option for me to view steps count data from my watch.,2019-05-01,HEALTH AND FITNESS,2019-05-01_HEALTH_AND_FITNESS_37541,,I have recently a watch The do not have an option for me to view steps count data from my watch,21,2019-04-15 00:00:00,2019,4,-2,10
,Call Me AL,2019-01-03 00:00:00,2,The sleep casts were awesome when I needed them. Now I have to subscribe in order to gain access to the sleepcasts. I will be deleting this app because I shouldn't have to subscribe just to be able to get some sleep.,2019-05-01,HEALTH AND FITNESS,2019-05-01_HEALTH_AND_FITNESS_5702,,The sleep casts were when I needed them Now I have to in order to gain access to the I will be I should have to just to be to get some sleep,33,2019-01-03 00:00:00,2019,1,-2,0
,Glodanil Tolentino,2019-04-17 00:00:00,2,how can i redeem my points?can i make cash out via paypal?i want to redeem the MAM watch. but i have to pay 9 USD. i thought its free delivery..,2019-05-01,HEALTH AND FITNESS,2019-05-01_HEALTH_AND_FITNESS_14478,,how can i redeem my points can i make cash out via i want to redeem the watch but i have to pay i thought its free,27,2019-04-17 00:00:00,2019,4,0,0
Fitbit,,2019-03-03 00:00:00,1,hp cant sync with my adidas ionic!,2019-03-16,HEALTH AND FITNESS,2019-03-16_HEALTH_AND_FITNESS_7796,Everyone,cant sync with my ionic,5,2019-03-03 00:00:00,2019,3,-3,4
Drink Water Reminder: Water Tracker & Alarm,aschalew ethio tube,2019-04-14 00:00:00,1,well done love it,2019-04-14,HEALTH AND FITNESS,2019-04-14_HEALTH_AND_FITNESS_23776,Everyone,well done love it,4,2019-04-14 00:00:00,2019,4,5,0
Sweatcoin Pays You To Get Fit,SesameSeedSimmer,2019-01-05 00:00:00,1,I never got the verification code.,2019-03-24,HEALTH AND FITNESS,2019-03-24_HEALTH_AND_FITNESS_18785,Everyone,I never got the code,5,2019-01-05 00:00:00,2019,1,0,4
Calorie Counter - MyFitnessPal,Christian Ward,2019-03-09 00:00:00,1,Something has gone badly wrong with this app. Keeps on hanging and forcing app closure. Total mess.,2019-03-24,HEALTH AND FITNESS,2019-03-24_HEALTH_AND_FITNESS_39380,Everyone,has gone wrong with Keeps on and Total mess,9,2019-03-09 00:00:00,2019,3,-5,0
Drink Water Reminder: Water Tracker & Alarm,UNAIS Mirza,2019-04-06 00:00:00,1,full of ads,2019-04-01,HEALTH AND FITNESS,2019-04-01_HEALTH_AND_FITNESS_8684,Everyone,full of ads,3,2019-04-06 00:00:00,2019,4,-5,0
Calorie Counter - MyFitnessPal,The Granger Girls,2019-04-23 00:00:00,3,A great app if used wisely. I have used it for years with an eating disorder and i dont feel that the app should allow you to set your goals to an underweight / undereating level when your weight is already so low. i appreciate the warnings are there on your app but that's just my observation.,2019-05-09,HEALTH AND FITNESS,2019-05-09_HEALTH_AND_FITNESS_17384,Everyone,A great if used wisely I have used it for years with an eating and i dont feel that the should allow you to set your goals to an underweight undereating level when your weight is so low i the warnings are there on your but that just my,49,2019-04-23 00:00:00,2019,4,3,0
Sweatcoin Pays You To Get Fit,SILVERCROW 246,2019-01-20 00:00:00,3,do we actually get money,2019-04-01,HEALTH AND FITNESS,2019-04-01_HEALTH_AND_FITNESS_32632,Everyone,do we actually get money,5,2019-01-20 00:00:00,2019,1,0,0
Samsung Health,,2019-03-09 00:00:00,3,"LG K2O V DEVICE, this app functions better where ALGORITHM is concerned for STEPS AND CYCLE. LG FIT LACKED ACCURACY BETWEEN THOSE TWO AND THEIR EMAIL REPLY MADE NO SENSE. I UPDATED THIS APP AND I HAVE 1 MORE TEST TO DO also I wished the colourful buffer occurs less when selecting from different sections of this app. I am confused I saw NAP. 🗣️Manage section have no LISTING📢",2019-03-24,HEALTH AND FITNESS,2019-03-24_HEALTH_AND_FITNESS_24574,Everyone,V functions better where ALGORITHM is concerned for STEPS AND FIT LACKED BETWEEN THOSE TWO AND THEIR MADE NO I AND I HAVE MORE TEST TO DO also I wished the colourful buffer occurs less when selecting from different sections of I am I saw NAP section have no,49,2019-03-09 00:00:00,2019,3,-1,8
Fitbit,Anon Anon,2019-04-11 00:00:00,3,suddenly very high Barry drain. please fix. otherwise good.,2019-04-14,HEALTH AND FITNESS,2019-04-14_HEALTH_AND_FITNESS_2481,Everyone,very high drain fix good,5,2019-04-11 00:00:00,2019,4,0,9
,Osama Maher,2019-04-22 00:00:00,3,"please help me, my mobile is jellybean 4.2.2 and it has problem with connection i can't sign in nor sign with facebook, i think this issue is related to the SSL connection",2019-05-01,HEALTH AND FITNESS,2019-05-01_HEALTH_AND_FITNESS_38898,,help me my is and it has problem with connection i ca sign in nor sign with i think is to the connection,23,2019-04-22 00:00:00,2019,4,0,8
,Whyck Darrickboi,2019-04-10 00:00:00,5,ggbg be i can't speak,2019-05-01,GAME ACTION,2019-05-01_GAME_ACTION_42287,,be i ca speak,4,2019-04-10 00:00:00,2019,4,0,0
Tomb of the Mask,h Hutt,2019-04-14 00:00:00,5,"Such a awesome game great graphics, &such bootiful art",2019-05-09,GAME ACTION,2019-05-09_GAME_ACTION_19805,Everyone,Such a game great graphics such art,7,2019-04-14 00:00:00,2019,4,5,3
PUBG MOBILE,,2019-03-08 00:00:00,5,Its awesome to play and very brilliant game.There is no other game like pubg JAI PUBG,2019-03-08,GAME ACTION,2019-03-08_GAME_ACTION_6497,Teen,Its to play and very brilliant is no other game like,11,2019-03-08 00:00:00,2019,3,5,0
Battle Royale: FPS Shooter,GRAND_ Zinx,2019-04-16 00:00:00,5,can you guys put more moving while parushootimg,2019-05-09,GAME ACTION,2019-05-09_GAME_ACTION_38802,Teen,can you guys put more moving while,7,2019-04-16 00:00:00,2019,4,4,6
Kick the Buddy,Maria Navarro,2019-03-08 00:00:00,5,this is a fun game to play if you're borad mad or stressed,2019-03-08,GAME ACTION,2019-03-08_GAME_ACTION_28970,Teen,is a fun game to play if you mad or stressed,11,2019-03-08 00:00:00,2019,3,5,0
Snowball.io,,2019-03-21 00:00:00,4,Very fun game. A game that my friend suggested to me and a game that I will recommend to others.,2019-03-24,GAME ACTION,2019-03-24_GAME_ACTION_42469,Everyone,Very fun game A game that my friend suggested to me and a game that I will recommend to others,20,2019-03-21 00:00:00,2019,3,5,0
PUBG MOBILE,xbreze7x legend,2019-04-21 00:00:00,4,it is fun lol,2019-04-21,GAME ACTION,2019-04-21_GAME_ACTION_1207,Teen,it is fun,3,2019-04-21 00:00:00,2019,4,3,0
Helix Jump,Nagham Nassar,2019-04-13 00:00:00,4,"its an incredible game to play .. but the only problem is the "" too much ads "" , i just wish that they can reduce the amount of ads .. but in general i can say that the game is very exciting ...❤🤯",2019-04-14,GAME ACTION,2019-04-14_GAME_ACTION_41801,Everyone,its an game to play but the problem is the too much ads i just wish that they can the amount of ads but in i can say that the game is very,33,2019-04-13 00:00:00,2019,4,2,7
Helix Jump,YOUTUBE_ RODY,2019-05-02 00:00:00,4,",great time killer . 4 stars because there is ads✌️🔥🤙",2019-05-09,GAME ACTION,2019-05-09_GAME_ACTION_36155,Everyone,great time killer stars there is,6,2019-05-02 00:00:00,2019,5,4,0
slither.io,,2019-03-21 00:00:00,4,It's not bad,2019-03-24,GAME ACTION,2019-03-24_GAME_ACTION_6141,Everyone,It not bad,3,2019-03-21 00:00:00,2019,3,0,0
Helix Jump,Lizzie Stockdale,2019-04-19 00:00:00,2,IT LAGS SOOOO MUCH (I would usually give a bigver review but this is all I have to say about this app),2019-04-21,GAME ACTION,2019-04-21_GAME_ACTION_1129,Everyone,IT LAGS MUCH I would usually give a review but is all I have to say about,17,2019-04-19 00:00:00,2019,4,-3,7
Helix Jump,Rhi rhi,2019-03-02 00:00:00,2,"paid for ad free as the constant pop ups were driving me crazy, but there's still ads, very annoying!",2019-03-08,GAME ACTION,2019-03-08_GAME_ACTION_6211,Everyone,for ad free as the constant pop ups were driving me but there still ads very annoying,17,2019-03-02 00:00:00,2019,3,-2,5
Tomb of the Mask,Demetre nibba,2019-03-14 00:00:00,2,amazing ruined by ads,2019-04-01,GAME ACTION,2019-04-01_GAME_ACTION_17724,Everyone,ruined by ads,3,2019-03-14 00:00:00,2019,3,-2,5
Tomb of the Mask,Admiral Doge,2019-04-20 00:00:00,2,it kept asking me to be a member. Said no like 50 times....,2019-05-09,GAME ACTION,2019-05-09_GAME_ACTION_4948,Everyone,it kept asking me to be a member Said no like times,12,2019-04-20 00:00:00,2019,4,-3,7
Sniper 3D Gun Shooter: Free Elite Shooting Games,R Videos,2019-04-06 00:00:00,2,Amezing Android game this game is nice and not a boring game 👌👌👌👌👌,2019-04-01,GAME ACTION,2019-04-01_GAME_ACTION_13409,Mature 17+,Android game game is nice and not a boring game,10,2019-04-06 00:00:00,2019,4,3,0
slither.io,A Google User,2019-03-22 00:00:00,1,very very bad,2019-04-01,GAME ACTION,2019-04-01_GAME_ACTION_39146,Everyone,very very bad,3,2019-03-22 00:00:00,2019,3,-5,0
,A Google User,2019-03-22 00:00:00,1,This game is awful I can't believe how much this blows technology,2019-05-01,GAME ACTION,2019-05-01_GAME_ACTION_6522,,game is awful I ca how much blows,8,2019-03-22 00:00:00,2019,3,-5,0
Battle Royale: FPS Shooter,Vikram Singh,2019-04-14 00:00:00,1,Totally WORST game,2019-05-09,GAME ACTION,2019-05-09_GAME_ACTION_21701,Teen,Totally WORST game,3,2019-04-14 00:00:00,2019,4,-5,0
Tomb of the Mask,James B. Davis,2019-03-13 00:00:00,1,There's a ridiculous amount of ads on this game.,2019-04-01,GAME ACTION,2019-04-01_GAME_ACTION_28032,Everyone,There a amount of ads on game,7,2019-03-13 00:00:00,2019,3,0,0
Kick the Buddy,Annissa Richardson,2019-04-05 00:00:00,1,i can't play it,2019-04-01,GAME ACTION,2019-04-01_GAME_ACTION_38404,Teen,i ca play it,4,2019-04-05 00:00:00,2019,4,0,0
Helix Jump,Arva Coleman,2019-03-24 00:00:00,3,this game is hot,2019-03-24,GAME ACTION,2019-03-24_GAME_ACTION_419,Everyone,game is hot,3,2019-03-24 00:00:00,2019,3,4,0
slither.io,Emily-Rose Roberts,2019-04-20 00:00:00,3,well people kill me when i just start,2019-05-09,GAME ACTION,2019-05-09_GAME_ACTION_44225,Everyone,well kill me when i just start,7,2019-04-20 00:00:00,2019,4,0,0
Kick the Buddy,Ismail Meškić My Last Name Is In My Name! xD,2019-05-03 00:00:00,3,"One Star Because Everytime I Open The App, it Instantly Stops! ( ͡° ̯ʖ ͡°) 　＿ ノ ヽ　ノ ＼＿ `/　`/ Ｙ Ｙ　ヽ ( 　 (三ヽ人　 / 　| |　ﾉ⌒＼ ￣￣ヽ　 ノ ヽ＿＿＿＞､＿＿_／ 　　 ｜( 王 ﾉ〈 　　 /ﾐ`ー―彡ヽ 　　/　ヽ_／　 |",2019-05-09,GAME ACTION,2019-05-09_GAME_ACTION_37085,Teen,One Star I Open The it Stops,7,2019-05-03 00:00:00,2019,5,-4,0
Kick the Buddy,Za Bessey,2019-03-05 00:00:00,3,its fine but they should add a tank,2019-03-08,GAME ACTION,2019-03-08_GAME_ACTION_472,Teen,its fine but they should add a tank,8,2019-03-05 00:00:00,2019,3,2,5
,roslina ibrahim,2019-03-15 00:00:00,3,I like this game but i can't shoot...can you make it like PUBG Please.....and one more..I like your game I m not angry at you okay,2019-05-01,GAME ACTION,2019-05-01_GAME_ACTION_9094,,I like game but i ca shoot can you make it like one like your game I m not at you,21,2019-03-15 00:00:00,2019,3,0,0
,daniel carrillo,2019-04-28 00:00:00,5,Didn't trust this app that much but got lucky and get to meet a wonderful girl nowadays its my girlfriend,2019-05-01,LIFESTYLE,2019-05-01_LIFESTYLE_32758,,Did trust that much but got and get to meet a wonderful girl nowadays its my,16,2019-04-28 00:00:00,2019,4,4,0
Family Locator - GPS Tracker,ivy blue,2019-04-17 00:00:00,5,I love this app it shows me where my kids are and myself to them( when it pleases me) lol. I have no issue to report,2019-04-21,LIFESTYLE,2019-04-21_LIFESTYLE_34103,Everyone,I love it shows me where my are and myself to them when it me I have no to report,20,2019-04-17 00:00:00,2019,4,3,0
Family Locator - GPS Tracker,A Google User,2019-03-12 00:00:00,5,works great helps keep track of my kids driving and when she is with friends.,2019-04-01,LIFESTYLE,2019-04-01_LIFESTYLE_32043,Everyone,works great helps keep track of my driving and when she is with friends,14,2019-03-12 00:00:00,2019,3,4,0
,Patrica Moczynski,2019-04-03 00:00:00,5,Great to win i will be home onthe 30th,2019-05-01,LIFESTYLE,2019-05-01_LIFESTYLE_12456,,Great to win i will be home,7,2019-04-03 00:00:00,2019,4,3,0
SmartThings,Drewster Rodriguez,2019-03-08 00:00:00,5,very good app.. very pleased,2019-04-01,LIFESTYLE,2019-04-01_LIFESTYLE_35472,Everyone,very good very,3,2019-03-08 00:00:00,2019,3,4,0
Family Locator - GPS Tracker,Billy Vaden,2019-03-01 00:00:00,4,pretty accurate most of the time.,2019-03-13,LIFESTYLE,2019-03-13_LIFESTYLE_7403,Everyone,most of the time,4,2019-03-01 00:00:00,2019,3,0,0
The PCH App,A Google User,2019-03-08 00:00:00,4,"I've never knew anyone who wins , I'm starting to feel like it's a scam",2019-04-01,LIFESTYLE,2019-04-01_LIFESTYLE_29029,Everyone,I never knew who wins I starting to feel like it a scam,13,2019-03-08 00:00:00,2019,3,-3,0
Tinder,broody dylann,2019-05-08 00:00:00,4,trying it out,2019-05-09,LIFESTYLE,2019-05-09_LIFESTYLE_19270,Mature 17+,trying it out,3,2019-05-08 00:00:00,2019,5,0,0
Family Locator - GPS Tracker,Styme Engram,2019-02-26 00:00:00,4,I like it alot,2019-03-13,LIFESTYLE,2019-03-13_LIFESTYLE_14184,Everyone,I like it,3,2019-02-26 00:00:00,2019,2,3,0
Tinder,Reiner Zeidler,2019-03-15 00:00:00,4,"Pretty nice app to get better friends, but too many scammers (including sugar babes)",2019-03-24,LIFESTYLE,2019-03-24_LIFESTYLE_20444,Mature 17+,nice to get better friends but too many sugar babes,10,2019-03-15 00:00:00,2019,3,2,0
Tinder,,2019-03-15 00:00:00,2,Missing some simple yet crucial functionality. Sort matches by distance. Notify me when a match it under xKM. Rate matches. Add notes to matches. Pretty bland app with little effort and high focus in making money.,2019-03-24,LIFESTYLE,2019-03-24_LIFESTYLE_4656,Mature 17+,Missing some yet crucial functionality Sort matches by me when a match it under Rate matches Add notes to matches bland with effort and high in making money,28,2019-03-15 00:00:00,2019,3,-3,10
Tinder,Paddy O'Reilly,2019-05-06 00:00:00,2,Why does it Keep Crashing Everytime I open my messages?,2019-05-09,LIFESTYLE,2019-05-09_LIFESTYLE_2055,Mature 17+,does it Keep Crashing I open my,7,2019-05-06 00:00:00,2019,5,-4,0
The PCH App,Eric Tarbox,2019-04-08 00:00:00,2,Although this app isn't optimised for my tablet it still works moderately well. It is clunky and locks up at odd intervals. I have used the Apple version and it is well polished and is very smooth. You can't win if you don't play the games.,2019-05-09,LIFESTYLE,2019-05-09_LIFESTYLE_9385,Everyone,Although is for my tablet it still works well It is and locks up at odd I have used the version and it is well polished and is very smooth You ca win if you do play the games,39,2019-04-08 00:00:00,2019,4,3,0
Tinder,josh Weasle,2019-03-13 00:00:00,2,Lol. Got a match. Asked her 3 questions and nothing back from her at all. just random bot questions each time and never heard back. Most of these chicks are bots. Don't waste your time......,2019-03-13,LIFESTYLE,2019-03-13_LIFESTYLE_87,Mature 17+,Got a match Asked her questions and back from her at all just random bot questions each time and never back Most of these chicks are bots Do waste your time,31,2019-03-13 00:00:00,2019,3,-5,0
Google Home,Janice Bolser,2019-03-09 00:00:00,2,I am not familiar with it yet.,2019-04-01,LIFESTYLE,2019-04-01_LIFESTYLE_35926,Everyone,I am not familiar with it yet,7,2019-03-09 00:00:00,2019,3,0,0
Ms.Sibyl - See Future Me,DANZA 1,2019-04-08 00:00:00,1,i would rate this 0 stars if i could,2019-05-09,LIFESTYLE,2019-05-09_LIFESTYLE_24612,Everyone,i would rate stars if i could,7,2019-04-08 00:00:00,2019,4,0,0
Unicorn Slime Maker and Simulator,A Google User,2019-02-24 00:00:00,1,this is the worst app ever.,2019-04-01,LIFESTYLE,2019-04-01_LIFESTYLE_21630,Everyone,is the worst ever,4,2019-02-24 00:00:00,2019,2,-5,0
,Allison Barker,2019-03-24 00:00:00,1,"You basically need to pay for everything on this app, and it is NOTHING like the adds. don't download",2019-05-01,LIFESTYLE,2019-05-01_LIFESTYLE_1372,,You basically need to pay for on and it is like the adds do,14,2019-03-24 00:00:00,2019,3,-2,0
Fantastic Face – Daily face & Beauty Competition,A Google User,2019-03-28 00:00:00,1,it is sooooooooooooo [oooooooooooooooooooo bad i hate it ugh it is sssssssssssssssooooooooooooooooooooooooo bad,2019-04-01,LIFESTYLE,2019-04-01_LIFESTYLE_31201,Everyone,it is bad i hate it ugh it is bad,10,2019-03-28 00:00:00,2019,3,-5,0
Fantastic Face – Daily face & Beauty Competition,Erika Maya,2019-02-23 00:00:00,1,THIS IS THE WORST GAME EVERY YOU NEED TO PAY 3 APPS TO PLAY IT DO NOT DOWNLOAD!!!!,2019-04-01,LIFESTYLE,2019-04-01_LIFESTYLE_31276,Everyone,IS THE WORST GAME YOU NEED TO PAY TO PLAY IT DO NOT,13,2019-02-23 00:00:00,2019,2,-5,0
Tinder,Ingrid T,2019-03-07 00:00:00,3,"I'm not sure why I use this app. The type of person I'm looking for isn't there, but I was lucky enough to meet some cool people.",2019-03-13,LIFESTYLE,2019-03-13_LIFESTYLE_16560,Mature 17+,I not sure I use The type of person I looking for is there but I was enough to meet some cool,22,2019-03-07 00:00:00,2019,3,2,0
,Kaitlin Sprouse,2019-04-07 00:00:00,3,It's okay. The app could be better. After a while I get bored. So sometimes I go days even weeks of not playing it. But I'll keep playing. Maybe one day I'll win something.,2019-05-01,LIFESTYLE,2019-05-01_LIFESTYLE_26956,,It The could be better After a while I get bored So I go days even weeks of not playing it But I keep playing one day I win,29,2019-04-07 00:00:00,2019,4,3,0
,Stacy Payne,2019-05-01 00:00:00,3,its an ok app... it takes super long to load. and ive never came close to winning! And the update takes a lifetime!!!,2019-05-01,LIFESTYLE,2019-05-01_LIFESTYLE_30759,,its an it takes super long to load and never came close to winning And the takes a,18,2019-05-01 00:00:00,2019,5,-3,5
SmartThings,Jerry close,2019-04-07 00:00:00,3,can't do everything the original smarthings app can do but it has a more polished UI.,2019-04-14,LIFESTYLE,2019-04-14_LIFESTYLE_24948,Everyone,ca do the original can do but it has a more polished,12,2019-04-07 00:00:00,2019,4,3,0
,Cecilie Jude,2019-04-28 00:00:00,3,New still trying to figure out. Jus wish i could win something.,2019-05-01,LIFESTYLE,2019-05-01_LIFESTYLE_22341,,New still trying to out wish i could win,9,2019-04-28 00:00:00,2019,4,0,0
Pluto TV - It’s Free TV,Jordon Crump,2019-02-21 00:00:00,5,I asked for a channel specifically for sitcoms and I got it! Thank you guys very much! 5 stars for the app and for the prompt attention that I've received. Now all I can ask for is just a larger variety of sitcoms on this channel. You guys are doing great! p.s. please add a search feature for the on demand content.,2019-04-01,ENTERTAINMENT,2019-04-01_ENTERTAINMENT_21154,Teen,I asked for a channel for and I got it Thank you guys very much stars for the and for the prompt attention that I Now all I can ask for is just a of on channel You guys are doing great add a search for the on demand content,50,2019-02-21 00:00:00,2019,2,5,6
,Natalia Gatyan,2018-10-22 00:00:00,5,This game is very funny to do if your bored.,2019-05-01,ENTERTAINMENT,2019-05-01_ENTERTAINMENT_40723,,game is very to do if your bored,8,2018-10-22 00:00:00,2018,10,3,0
Netflix,Yolanda Gilbert,2019-04-18 00:00:00,5,Enjoyable and great movies!,2019-04-21,ENTERTAINMENT,2019-04-21_ENTERTAINMENT_2930,Teen,Enjoyable and great,3,2019-04-18 00:00:00,2019,4,4,0
Tubi - Free Movies & TV Shows,,2019-03-04 00:00:00,5,Love it good movie,2019-03-13,ENTERTAINMENT,2019-03-13_ENTERTAINMENT_20911,Teen,Love it good,3,2019-03-04 00:00:00,2019,3,3,0
Roku,Gamer kids Gamer kids,2019-03-22 00:00:00,5,its so cool because my bros always take it away!! bye i recomend using it!!,2019-04-01,ENTERTAINMENT,2019-04-01_ENTERTAINMENT_7365,Teen,its so cool my always take it away bye i using it,12,2019-03-22 00:00:00,2019,3,4,0
Tubi - Free Movies & TV Shows,Ila Roan,2019-05-04 00:00:00,4,finding a lot of good shows.. cant find golden girls though,2019-05-09,ENTERTAINMENT,2019-05-09_ENTERTAINMENT_41836,Teen,finding a lot of good cant find golden girls though,10,2019-05-04 00:00:00,2019,5,3,0
,Ayla's fun toys and games,2019-03-09 00:00:00,4,i think this bc i love it.but its not the best game ever,2019-05-01,ENTERTAINMENT,2019-05-01_ENTERTAINMENT_29470,,i think i love its not the best game ever,10,2019-03-09 00:00:00,2019,3,3,0
STARZ,Bryson Aperwhite,2019-04-08 00:00:00,4,How do I cancel my subscription?,2019-05-09,ENTERTAINMENT,2019-05-09_ENTERTAINMENT_14125,Mature 17+,How do I cancel my subscription,6,2019-04-08 00:00:00,2019,4,0,0
Amazon Prime Video,Big Daddy Baleion,2019-04-08 00:00:00,4,"its alright? not the most exuberant review, I know. it's more than functional less than fantastic.",2019-04-14,ENTERTAINMENT,2019-04-14_ENTERTAINMENT_22605,Teen,its alright not the most review I know it more than functional less than fantastic,15,2019-04-08 00:00:00,2019,4,0,0
Bitmoji – Your Personal Emoji,vanessa nava,2019-03-27 00:00:00,4,could use way more outfits to mix and match,2019-04-01,ENTERTAINMENT,2019-04-01_ENTERTAINMENT_17049,Teen,could use way more outfits to mix and match,9,2019-03-27 00:00:00,2019,3,0,5
,Amanda w,2019-04-23 00:00:00,2,stop playing previews of shows as im browsing. there should be an option to turn that off!!,2019-05-01,ENTERTAINMENT,2019-05-01_ENTERTAINMENT_14558,,stop playing previews of shows as there should be an option to turn that off,15,2019-04-23 00:00:00,2019,4,-1,4
,A Google User,2019-02-01 00:00:00,2,"Works great with Chromecast, but oddly it's really terrible to watch on my phone; the picture constantly freezes. Decent amount of movies, but not much for new releases.",2019-05-01,ENTERTAINMENT,2019-05-01_ENTERTAINMENT_33082,,Works great with but it to watch on my phone the Decent amount of but not much for new,19,2019-02-01 00:00:00,2019,2,2,2
Bitmoji – your personal emoji,DIVA SHAH,2019-04-08 00:00:00,2,there should be more options for the lip colour because its really hard to match it otherwise,2019-04-14,ENTERTAINMENT,2019-04-14_ENTERTAINMENT_6035,Teen,there should be more options for the lip colour its hard to match it,14,2019-04-08 00:00:00,2019,4,1,7
,Isaac C,2019-04-24 00:00:00,2,Hulu Live has so many glitches I probably cannot address them all in this review. One of them is it will jump back about 5 minutes from the live cast. Then you have to fast forward to the live cast or back out and come back to the show. It does this often. Also the format for recording is not user friendly. If you add favorite show it will automatically record everything. If you record one episode it will force you to add it to My Stuff. Not enough room for me to explain further my distaste.,2019-05-01,ENTERTAINMENT,2019-05-01_ENTERTAINMENT_35993,,Hulu Live has so many I probably can not address them all in review One of them is it will jump back about from the live cast Then you have to fast forward to the live cast or back out and come back to the show It does often Also the format for recording is not user If you add show it will automatically record If you record one it will you to add it to My Stuff Not enough room for me to explain further my,87,2019-04-24 00:00:00,2019,4,-4,10
Amazon Prime Video,PURGE,2019-04-17 00:00:00,2,Its Not having The Movies which i need,2019-04-21,ENTERTAINMENT,2019-04-21_ENTERTAINMENT_26640,Teen,Its Not having The which i need,7,2019-04-17 00:00:00,2019,4,-2,0
STARZ,George Warman,2018-11-15 00:00:00,1,Every time I watched a movie and kept freezing every 3 seconds so I could not really watch it and it charged me anyways it's b*******,2019-04-01,ENTERTAINMENT,2019-04-01_ENTERTAINMENT_22733,Mature 17+,time I watched a and kept seconds so I could not watch it and it me anyways it,18,2018-11-15 00:00:00,2018,11,-2,0
Netflix,Mark Farrar,2019-04-19 00:00:00,1,"poor movie selections, they personalize it so much that all you get is the same movies to look at every time, had to delete account several times just to get more of a movie selection. netflix has more users than ever and price keeps going up, company is getting greedy and not improving.",2019-04-21,ENTERTAINMENT,2019-04-21_ENTERTAINMENT_14954,Teen,poor selections they personalize it so much that all you get is the same to look at time had to account several times just to get more of a selection has more users than ever and price keeps going up is getting and not,44,2019-04-19 00:00:00,2019,4,-4,9
Amazon Prime Video,Sheen Winslow,2019-04-01 00:00:00,1,the app gets closed once in 2 min cant even watch the downloaded video,2019-04-01,ENTERTAINMENT,2019-04-01_ENTERTAINMENT_9744,Teen,the gets closed in min cant even watch the video,10,2019-04-01 00:00:00,2019,4,-4,5
Google Play Games,A Google User,2019-03-31 00:00:00,1,"I DON,T LIKE IT",2019-04-01,ENTERTAINMENT,2019-04-01_ENTERTAINMENT_3277,Teen,I DON T LIKE IT,5,2019-03-31 00:00:00,2019,3,-4,0
,Mesayu Renita,2019-04-26 00:00:00,1,someone hacked my account,2019-05-01,ENTERTAINMENT,2019-05-01_ENTERTAINMENT_14237,,hacked my account,3,2019-04-26 00:00:00,2019,4,-4,3
,RickyLee 69,2019-03-18 00:00:00,3,each new update makes this app worse,2019-05-01,ENTERTAINMENT,2019-05-01_ENTERTAINMENT_43566,,each new makes,3,2019-03-18 00:00:00,2019,3,0,0
Amazon Prime Video,ray huckeby,2019-04-10 00:00:00,3,the order of it t I have been puking and my,2019-04-14,ENTERTAINMENT,2019-04-14_ENTERTAINMENT_33708,Teen,the order of it t I have been puking and my,11,2019-04-10 00:00:00,2019,4,-3,0
Amazon Prime Video,Vaibhav Chauhan,2019-04-13 00:00:00,3,Latest contents are not present. People take subscription so that they could watch movies earlier than on T.V. but the content is not updated up here. Disappointed.,2019-04-14,ENTERTAINMENT,2019-04-14_ENTERTAINMENT_44428,Teen,Latest contents are not present take subscription so that they could watch than on but the content is not up here Disappointed,22,2019-04-13 00:00:00,2019,4,-4,2
,A Google User,2018-11-24 00:00:00,3,I like this game but way too much ads I couldn't even get into the game because of the ads,2019-05-01,ENTERTAINMENT,2019-05-01_ENTERTAINMENT_24069,,I like game but way too much ads I could even get into the game of the ads,18,2018-11-24 00:00:00,2018,11,-3,3
Tubi - Free Movies & TV Shows,XxAmb7rxX Suutala,2019-04-14 00:00:00,3,"i think its awesome for free entertainment ...love the docos...,psyhics,crime ,myths witchy stuff... could have some newer shows dissapointed theres only 1 episode of freakshow",2019-04-14,ENTERTAINMENT,2019-04-14_ENTERTAINMENT_3765,Teen,i think its for free entertainment love the crime myths stuff could have some shows theres of,17,2019-04-14 00:00:00,2019,4,4,0
Spotify - Music and Podcasts,Nishant Sharma,2019-04-13 00:00:00,5,"Matchless streaming. Just, not all songs are available for playing",2019-04-14,MUSIC AND AUDIO,2019-04-14_MUSIC_AND_AUDIO_11361,Teen,Matchless streaming Just not all songs are available for playing,10,2019-04-13 00:00:00,2019,4,-2,3
,Anirudh Gudugunti,2019-05-01 00:00:00,5,Good app in recent times.....,2019-05-01,MUSIC AND AUDIO,2019-05-01_MUSIC_AND_AUDIO_665,,Good in recent times,4,2019-05-01 00:00:00,2019,5,3,0
Drum Pad Machine - Make Beats,,2019-03-09 00:00:00,5,This is amazing app in the world and I show it for many friends and family and they like it very much yesterday I installed it and today I played it I just thought that the app was boring and awful but when I played it l .................... I love it and to everyone who want to play it be sure this game amazing 😊😊😊😊😊😊😊😊😊😊😊😊😊😊😊😊😊😊😊😊😊😊😊😊😊😊😊😊😊😊😊😊😊😊 😊😊😊😊😊😊😊😊😊😊😊😊😊😊😊😊😊😊😊😊😊😊😊😊😊😊😊😊😊😊😊😊😊😊😊😊😊😊😊😊😊😊😊😊😊😊😊😊😊😊I like it,2019-03-24,MUSIC AND AUDIO,2019-03-24_MUSIC_AND_AUDIO_38454,Everyone,is in the world and I show it for many friends and and they like it very much yesterday I it and today I played it I just thought that the was boring and awful but when I played it l I love it and to who want to play it be sure game like it,56,2019-03-09 00:00:00,2019,3,5,0
Spotify - Music and Podcasts,,2019-03-23 00:00:00,5,Variety of music content available with great sound quality. This may become my primary source for searching music.,2019-03-24,MUSIC AND AUDIO,2019-03-24_MUSIC_AND_AUDIO_30286,Teen,of music content available with great sound may my for searching music,12,2019-03-23 00:00:00,2019,3,4,0
,Charity Johnson-Walters,2019-04-30 00:00:00,5,love this app. we have it on all our devices. Charity N Lisa Johnson-Walters,2019-05-01,MUSIC AND AUDIO,2019-05-01_MUSIC_AND_AUDIO_17818,,love we have it on all our N,8,2019-04-30 00:00:00,2019,4,3,0
Pandora Music,A Google User,2019-03-28 00:00:00,4,"i would rate 3 star for the app itself, but i like it better than all the other options ive found, so it gets the 4th star.",2019-04-01,MUSIC AND AUDIO,2019-04-01_MUSIC_AND_AUDIO_30069,Teen,i would rate star for the itself but i like it better than all the other options found so it gets the star,23,2019-03-28 00:00:00,2019,3,3,0
Spotify - Music and Podcasts,Saswata Basu,2019-05-07 00:00:00,4,best music streaming app not jitters even in low signal areas. AI is pretty good in selecting songs and adding to your playlist better than Gaana. App is very stable crashes rarely sound quality is good too. Only downside very limited Bollywood song collection which I hope will grow with time.,2019-05-09,MUSIC AND AUDIO,2019-05-09_MUSIC_AND_AUDIO_43031,Teen,best music streaming not jitters even in low signal areas AI is good in selecting songs and adding to your better than is very crashes rarely sound is good too very limited song collection which I hope will grow with time,41,2019-05-07 00:00:00,2019,5,4,0
,A Google User,2019-03-15 00:00:00,4,because its not stay able,2019-05-01,MUSIC AND AUDIO,2019-05-01_MUSIC_AND_AUDIO_12606,,its not stay,3,2019-03-15 00:00:00,2019,3,0,0
Drum Pad Machine - Make Beats,Itz TFA,2019-04-17 00:00:00,4,pretty fun to play around with when I'm bored,2019-05-09,MUSIC AND AUDIO,2019-05-09_MUSIC_AND_AUDIO_27948,Everyone,fun to play around with when I bored,8,2019-04-17 00:00:00,2019,4,4,0
Pandora - Streaming Music & Podcasts,Kimberly Upshaw,2019-04-08 00:00:00,4,this is a good site but it has ads almost every 2 songs,2019-04-14,MUSIC AND AUDIO,2019-04-14_MUSIC_AND_AUDIO_7243,Teen,is a good site but it has ads almost songs,10,2019-04-08 00:00:00,2019,4,3,0
,Jay Harvey,2019-04-12 00:00:00,2,"not intuitive, clumsy at times, shameful",2019-05-01,MUSIC AND AUDIO,2019-05-01_MUSIC_AND_AUDIO_40411,,not intuitive at times shameful,5,2019-04-12 00:00:00,2019,4,-3,0
Spotify - Music and Podcasts,Rhonda Maza,2019-03-23 00:00:00,2,My son told me the app was $10. I said okay. Hundreds of dollars later every month is $10. Itunes is generally .99 per song and you own it. The free version lets you search songs but then makes you watch non-music ads and hides your song you chose behind a bunch of songs in a shuffle you may not like. I un installed.,2019-03-24,MUSIC AND AUDIO,2019-03-24_MUSIC_AND_AUDIO_34409,Teen,My son told me the was I said of dollars later month is is per song and you own it The free version lets you search songs but then makes you watch ads and hides your song you chose behind a bunch of songs in a you may not like I un,52,2019-03-23 00:00:00,2019,3,-5,6
,Connor Palmer,2019-05-01 00:00:00,2,can you stop playing suggested songs!? please,2019-05-01,MUSIC AND AUDIO,2019-05-01_MUSIC_AND_AUDIO_16510,,can you stop playing suggested songs,6,2019-05-01 00:00:00,2019,5,-3,5
,Alex Brown,2019-04-22 00:00:00,2,It's stopped playing music since I've moved to a different time zone,2019-05-01,MUSIC AND AUDIO,2019-05-01_MUSIC_AND_AUDIO_28839,,It stopped playing music I moved to a different time zone,11,2019-04-22 00:00:00,2019,4,-3,7
YouTube Music - Stream Songs & Music Videos,Dhruv Gandhi,2019-03-28 00:00:00,2,i am not able to find basic functionality of playing music in background.,2019-04-01,MUSIC AND AUDIO,2019-04-01_MUSIC_AND_AUDIO_35810,Teen,i am not to find basic functionality of playing music in background,12,2019-03-28 00:00:00,2019,3,-3,5
,Ron Perticone,2019-04-14 00:00:00,1,making a big deal over me plus want upgrade! cant do!!! stupid make it easy no goggle drama,2019-05-01,MUSIC AND AUDIO,2019-05-01_MUSIC_AND_AUDIO_25354,,making a big deal over me want cant do stupid make it no drama,14,2019-04-14 00:00:00,2019,4,-4,0
Amazon Alexa,Malcom X,2019-04-10 00:00:00,1,Its and 85 MB app and my diwnload is stuck at 94 MB ilstallation failed thrice i a. stuck with a useless echo dot,2019-05-09,MUSIC AND AUDIO,2019-05-09_MUSIC_AND_AUDIO_16834,Everyone,Its and and my is stuck at failed thrice i stuck with a useless echo dot,16,2019-04-10 00:00:00,2019,4,-4,0
Drum Pad Machine - Make Beats,Dan Little,2019-04-01 00:00:00,1,"The worst game ever seen in Mah LIFE, So so so so so so so so so so MANY ADDS 0 Stars from me! 😠😬😡😐 (Top reson why I HATE this game TO TO TO TO TO TO MANY ADDS!! )",2019-04-01,MUSIC AND AUDIO,2019-04-01_MUSIC_AND_AUDIO_7573,Everyone,The worst game ever seen in LIFE So so so so so so so so so so MANY ADDS Stars from me Top I HATE game TO TO TO TO TO TO MANY ADDS,34,2019-04-01 00:00:00,2019,4,-5,0
,Doug Stack,2019-04-13 00:00:00,1,"Absolutely Unusable Music randomly stutters mid-song with intermittent pauses, and eventually stops playing entirely. Even worse, Apple hasn't responded to a single complaint that I've seen in these reviews. Even free, ad based apps tend to respond in an effort to make their users happy! Apple hasn't said a thing... Do they care? Are they working on the issues? Who knows? Save your money!",2019-05-01,MUSIC AND AUDIO,2019-05-01_MUSIC_AND_AUDIO_31950,,Music stutters with and stops playing Even has responded to a complaint that I seen in these reviews Even free ad based tend to respond in an effort to make their users has said a thing Do they care Are they working on the Who knows Save your money,49,2019-04-13 00:00:00,2019,4,-5,0
YouTube Music - Stream Songs & Music Videos,Xavier Giroux-Bougard,2019-04-25 00:00:00,1,This is a playlist app... Curating your own music library is not possible because navigating to the artist doesnt show you the list of songs or albums you've downloaded for offline playback.,2019-05-09,MUSIC AND AUDIO,2019-05-09_MUSIC_AND_AUDIO_11117,Teen,is a your own music is not to the artist doesnt show you the list of songs or albums you for playback,22,2019-04-25 00:00:00,2019,4,-4,0
Apple Music,Shokhrukh Shukurov,2019-02-15 00:00:00,3,Why I chose music and taping it somentimes plays another track? Is it some bug?vplease fix it. thank you,2019-04-01,MUSIC AND AUDIO,2019-04-01_MUSIC_AND_AUDIO_16251,Teen,I chose music and taping it plays track Is it some bug fix it thank you,16,2019-02-15 00:00:00,2019,2,2,5
,Armond Kellum,2019-04-13 00:00:00,3,need top buy music to really mix but for a starter works great,2019-05-01,MUSIC AND AUDIO,2019-05-01_MUSIC_AND_AUDIO_34578,,need top buy music to mix but for a starter works great,12,2019-04-13 00:00:00,2019,4,3,0
,Zach Latnie,2019-04-30 00:00:00,3,Should create more inventives for others who aren't members to receive member perks (similar to pandora and spotify). Such as watching a 30 second commercial and receiving 30 mins of a member perk,2019-05-01,MUSIC AND AUDIO,2019-05-01_MUSIC_AND_AUDIO_727,,Should create more inventives for others who are members to member perks similar to pandora and Such as watching a second and mins of a member perk,27,2019-04-30 00:00:00,2019,4,2,4
Amazon Music,Alan Barton,2019-05-03 00:00:00,3,Hangs up occasionally and sometimes the sound drops out.,2019-05-09,MUSIC AND AUDIO,2019-05-09_MUSIC_AND_AUDIO_15810,Teen,up occasionally and the sound drops out,7,2019-05-03 00:00:00,2019,5,0,5
YouTube Music - Stream Songs & Music Videos,Teresa Fogle,2019-04-07 00:00:00,3,"This app is just OK. it has some nice features, but still lacking. GPM is way better. keeping my fingers crossed YTM will get better. I chose Google for my family because it also included ad-free YouTube.",2019-04-14,MUSIC AND AUDIO,2019-04-14_MUSIC_AND_AUDIO_5117,Teen,is just it has some nice but still lacking is way better keeping my fingers crossed will get better I chose for my it also,25,2019-04-07 00:00:00,2019,4,2,0
Quizlet: Learn Languages & Vocab with Flashcards,,2019-01-30 00:00:00,5,this has been extremely helpful with my classes...,2019-03-08,EDUCATION,2019-03-08_EDUCATION_32770,Everyone,has been helpful with my classes,6,2019-01-30 00:00:00,2019,1,4,0
Quizlet: Learn Languages & Vocab with Flashcards,,2019-02-18 00:00:00,5,it helps alot and i get to pass all my classes,2019-03-08,EDUCATION,2019-03-08_EDUCATION_18157,Everyone,it helps and i get to pass all my classes,10,2019-02-18 00:00:00,2019,2,4,0
ABCmouse.com,Jenny Perez,2019-03-28 00:00:00,5,my kids love it,2019-04-01,EDUCATION,2019-04-01_EDUCATION_25678,Everyone,my love it,3,2019-03-28 00:00:00,2019,3,4,0
,Oheneba Afriyie,2019-05-01 00:00:00,5,great way to practice quick,2019-05-01,EDUCATION,2019-05-01_EDUCATION_9008,,great way to practice quick,5,2019-05-01 00:00:00,2019,5,3,0
Google Classroom,A Google User,2019-02-08 00:00:00,5,thus is a great and easy app to use for school and for sports,2019-04-01,EDUCATION,2019-04-01_EDUCATION_10046,Everyone,is a great and to use for school and for sports,11,2019-02-08 00:00:00,2019,2,3,0
Quizlet: Learn Languages & Vocab with Flashcards,Nicole Lynn,2019-03-01 00:00:00,4,I love this app! I see content on here that I have studied in my text books; difference is this is more fun!! I like the night theme the color scheme is pretty 💙 Thanks Quizlet,2019-05-09,EDUCATION,2019-05-09_EDUCATION_10973,Everyone,I love I see content on here that I have in my text books difference is is more fun I like the night theme the color scheme is Thanks,29,2019-03-01 00:00:00,2019,3,4,3
,贝贝Meriem,2019-04-09 00:00:00,4,great app now i can keep up with my vocabulary for all the languages that i m styding thank you so much for ur work👍👍👍,2019-05-01,EDUCATION,2019-05-01_EDUCATION_30160,,great now i can keep up with my for all the that i m thank you so much for ur,20,2019-04-09 00:00:00,2019,4,3,0
Photomath,A Google User,2019-03-29 00:00:00,4,i like it,2019-04-01,EDUCATION,2019-04-01_EDUCATION_35743,Everyone,i like it,3,2019-03-29 00:00:00,2019,3,3,0
Remind: School Communication,Ma Mo,2019-01-10 00:00:00,4,it's a perfect application that makes communications with teachers easy .,2019-04-01,EDUCATION,2019-04-01_EDUCATION_14099,Everyone,it a perfect that makes with teachers,7,2019-01-10 00:00:00,2019,1,4,0
Remind: School Communication,Leticia Barrios,2019-03-06 00:00:00,4,it's great to remind parents of events! but I have it installed already and keeps asking me to download!,2019-04-01,EDUCATION,2019-04-01_EDUCATION_30495,Everyone,it great to remind parents of events but I have it and keeps asking me to,16,2019-03-06 00:00:00,2019,3,2,0
ABCmouse.com,THE HOTWHEEL MOM,2018-10-29 00:00:00,2,"It goes very slow, tried on my phone,tablet and same",2019-04-01,EDUCATION,2019-04-01_EDUCATION_16530,Everyone,It very slow tried on my phone tablet and same,10,2018-10-29 00:00:00,2018,10,-3,0
PBS KIDS Video,Jungshik Shin,2016-04-23 00:00:00,2,"Rather clunky and often unresponsive. Not so good a port of iOS version to Android. As a result, the interaction with Android is far less than optimal.   The worst of all is that on a phone, there is NO way to fast forward or rewind within a video while it's possible on a tablet.   My girls love PBS kids video, but the app has a lot to improve.",2019-04-01,EDUCATION,2019-04-01_EDUCATION_20835,Everyone,Rather and often Not so good a port of iOS version to Android As a result the interaction with Android is far less than The worst of all is that on a phone there is NO way to fast forward or rewind within a video while it on a tablet My girls love video but the has a lot to,60,2016-04-23 00:00:00,2016,4,-4,4
Quizlet: Learn Languages & Vocab with Flashcards,Stef A,2019-03-03 00:00:00,2,"It's a decent app to keep track of your vocabulary, with a few (boring) functionalities to practice it. The learn method isn't that smart. There should be an option to only learn newly imported words. Instead, if you start a new learn session, it will also include words that you have already learned. Useless.",2019-04-01,EDUCATION,2019-04-01_EDUCATION_28390,Everyone,It a decent to keep track of your with a few boring functionalities to practice it The learn method is that smart There should be an option to learn imported words Instead if you start a new learn session it will also words that you have learned Useless,48,2019-03-03 00:00:00,2019,3,0,5
Duolingo: Learn Languages Free,KBOC,2019-03-30 00:00:00,2,"The japanese course made me incredibly confused, it didn't say very important stuff that i later found out by more trustworthy japanese lessons like masu and desu are keigo which means formal like when you talk to your boss or teacher, this app didn't say anything about that.",2019-04-01,EDUCATION,2019-04-01_EDUCATION_33139,Everyone,The made me it did say very important stuff that i later found out by more lessons like masu and are which means formal like when you talk to your boss or teacher did say about that,37,2019-03-30 00:00:00,2019,3,1,0
Google Classroom,Rafif Fachriz,2019-03-12 00:00:00,2,I have no receive notifications after updates,2019-04-01,EDUCATION,2019-04-01_EDUCATION_27963,Everyone,I have no after,4,2019-03-12 00:00:00,2019,3,0,0
Kahoot!,A Google User,2018-10-03 00:00:00,1,Weird not cool,2019-04-01,EDUCATION,2019-04-01_EDUCATION_34840,Everyone,Weird not cool,3,2018-10-03 00:00:00,2018,10,-4,0
,A Google User,2017-09-09 00:00:00,1,Install it twice bcause my daughter kept asking for it yet the same problems all over again.all the songs just played halfway and stop,2019-05-01,EDUCATION,2019-05-01_EDUCATION_34801,,it twice my daughter kept asking for it yet the same problems all over the songs just played halfway and stop,21,2017-09-09 00:00:00,2017,9,-4,5
,Brenda Mehrens,2016-09-16 00:00:00,1,Doesn't load This app never works,2019-05-01,EDUCATION,2019-05-01_EDUCATION_20277,,Does load never works,4,2016-09-16 00:00:00,2016,9,-5,0
,one_mercy_main _,2018-10-17 00:00:00,1,My teacher won't let us play,2019-05-01,EDUCATION,2019-05-01_EDUCATION_7661,,My teacher wo let us play,6,2018-10-17 00:00:00,2018,10,0,0
,A Google User,2018-06-16 00:00:00,1,i been trying to get this app for my son for like 6 months now but it want let me get it,2019-05-01,EDUCATION,2019-05-01_EDUCATION_15136,,i been trying to get for my son for like months now but it want let me get it,19,2018-06-16 00:00:00,2018,6,0,0
ABCmouse.com,Justean Clark,2019-05-02 00:00:00,3,My 2 year old has fun with the app but she loses interest really quick due to the super slow loading. The app also freezes constantly or wont load videos all together. I am hoping this issue will clear up otherwise I wont be continuing past the free trial.,2019-05-09,EDUCATION,2019-05-09_EDUCATION_16183,Everyone,My year old has fun with the but she loses interest quick due to the super slow loading The also or wont load videos all I am hoping will clear up I wont be past the free trial,38,2019-05-02 00:00:00,2019,5,2,5
PBS KIDS Video,Rachel DeSelms,2017-06-24 00:00:00,3,"Like it because it helps me keep my sanity at times. We have no issues with many shows, but Caillou never works. Why is that?",2019-04-01,EDUCATION,2019-04-01_EDUCATION_16898,Everyone,Like it it helps me keep my at times We have no with many shows but never works is that,20,2017-06-24 00:00:00,2017,6,3,0
Duolingo: Learn Languages Free,mehrdad peykari,2019-03-28 00:00:00,3,Not a good way for gramers,2019-04-01,EDUCATION,2019-04-01_EDUCATION_22036,Everyone,Not a good way for,5,2019-03-28 00:00:00,2019,3,-1,0
Quizlet: Learn Languages & Vocab with Flashcards,Isaiah Walker,2019-01-08 00:00:00,3,"It's a good app over all. Nevertheless, don't let it be your main source of studying. The online version from a laptop would be much better as this one won't load or takes a long time to load study sets sometimes.",2019-04-01,EDUCATION,2019-04-01_EDUCATION_32887,Everyone,It a good over all Nevertheless do let it be your main of The version from a would be much better as one wo load or takes a long time to load sets,33,2019-01-08 00:00:00,2019,1,2,0
Duolingo: Learn Languages Free,Wil Waren Onilea Alegato,2019-05-03 00:00:00,3,"I love the tests. But there is a set nr only per day. When one reaches a certain level, it just stalls with an ad.",2019-05-09,EDUCATION,2019-05-09_EDUCATION_11867,Everyone,I love the tests But there is a set per day When one reaches a certain level it just stalls with an ad,23,2019-05-03 00:00:00,2019,5,2,0
Credit Karma,Rob Spaulding,2019-04-04 00:00:00,5,plenty of info at your fingertips,2019-04-01,FINANCE,2019-04-01_FINANCE_30233,Everyone,of at your fingertips,4,2019-04-04 00:00:00,2019,4,3,0
Bank of America Mobile Banking,Thomas Garrett,2019-04-04 00:00:00,5,The best thing in Banking.,2019-04-01,FINANCE,2019-04-01_FINANCE_5018,Everyone,The best thing in Banking,5,2019-04-04 00:00:00,2019,4,5,0
Bank of America Mobile Banking,Gregory Escobedo,2019-03-27 00:00:00,5,it very easy to use,2019-04-01,FINANCE,2019-04-01_FINANCE_2444,Everyone,it very to use,4,2019-03-27 00:00:00,2019,3,4,0
,Eleanor Whitsey,2019-04-27 00:00:00,5,on point with accuracy. love the app.,2019-05-01,FINANCE,2019-05-01_FINANCE_25871,,on point with love the,5,2019-04-27 00:00:00,2019,4,3,0
Bank of America Mobile Banking,Master LeGrand,2019-03-22 00:00:00,5,very easy to navigate and to do banking,2019-03-24,FINANCE,2019-03-24_FINANCE_26198,Everyone,very to and to do banking,6,2019-03-22 00:00:00,2019,3,3,0
,S Belo,2018-07-31 00:00:00,4,"It depends on your wifi or phone service. Sometimes them wifi is not strong 
and it won't send.",2019-05-01,FINANCE,2019-05-01_FINANCE_30405,,It depends on your or phone them is not strong and it wo send,14,2018-07-31 00:00:00,2018,7,1,0
Bank of America Mobile Banking,Susan's Journey!,2019-04-06 00:00:00,4,"Easy to use, unless you want to know your full acc't # - I gave up. Give me a break.",2019-04-01,FINANCE,2019-04-01_FINANCE_9971,Everyone,to use unless you want to know your full I gave up Give me a break,16,2019-04-06 00:00:00,2019,4,2,0
IRS2Go,Peter Anderson,2019-02-22 00:00:00,4,good app but limit you on number of attempts an allowed each day,2019-04-01,FINANCE,2019-04-01_FINANCE_10461,Everyone,good but limit you on number of attempts an allowed each day,12,2019-02-22 00:00:00,2019,2,3,3
PayPal Mobile Cash: Send and Request Money Fast,Bhobindra Majhi Odisha,2019-04-16 00:00:00,4,Give the system a little bit of rupee card.,2019-04-21,FINANCE,2019-04-21_FINANCE_4380,Everyone,Give the system a bit of card,7,2019-04-16 00:00:00,2019,4,0,3
Credit Karma,nathan lewis,2019-04-14 00:00:00,4,easy to use app..pop ups are kind of annoying but still a great tool to use,2019-04-14,FINANCE,2019-04-14_FINANCE_26715,Everyone,to use ups are kind of annoying but still a great tool to use,14,2019-04-14 00:00:00,2019,4,0,0
,Jessica Maddox,2019-04-20 00:00:00,2,"slow, and doesn't refresh as needed, I have to uninstall and reinstall to get my current balance, and that's after signing out and in multiple times thinking its going to update balance. I tried the WIC, for some reason after signing out, it will not let me sign in again, it keep showing food benefits instead of WIC and I have 2 different accounts. it seems like it could be an awesome app if it worked correctly and fast.",2019-05-01,FINANCE,2019-05-01_FINANCE_21681,,slow and does refresh as needed I have to and to get my current and that after signing out and in times thinking its going to I tried the for some reason after signing out it will not let me sign in again it keep showing food benefits instead of and I have different accounts it seems like it could be an if it worked and fast,67,2019-04-20 00:00:00,2019,4,-4,8
Credit Karma,Tony Ferguson,2019-05-09 00:00:00,2,slow upload and some taps dont even show when you click on them,2019-05-09,FINANCE,2019-05-09_FINANCE_1902,Everyone,slow and some taps dont even show when you click on them,12,2019-05-09 00:00:00,2019,5,-4,0
IRS2Go,Keisha Smith,2019-02-21 00:00:00,2,"I used the app last year with no problem, this year it says my information isn't matching and I dont know why. I guess since it's a shutdown the app is too...",2019-04-01,FINANCE,2019-04-01_FINANCE_33517,Everyone,I used the last year with no problem year it says my information is matching and I dont know I guess it a shutdown the is too,27,2019-02-21 00:00:00,2019,2,-4,0
PayPal Mobile Cash: Send and Request Money Fast,anurag aryan,2019-04-21 00:00:00,2,"Unable to create account due to some error. If I haven't a last name according to my pan card, then how I'm supposed to signup which is a mandatory option.",2019-04-21,FINANCE,2019-04-21_FINANCE_28086,Everyone,to create account due to some error If I have a last name according to my pan card then how I to which is a option,26,2019-04-21 00:00:00,2019,4,0,5
PayPal Mobile Cash: Send and Request Money Fast,karen rieder,2019-04-06 00:00:00,2,can't login Won't accept my email,2019-04-01,FINANCE,2019-04-01_FINANCE_30602,Everyone,ca login Wo accept my,5,2019-04-06 00:00:00,2019,4,0,0
Cash App,Brandon Ward,2019-03-09 00:00:00,1,today i sent 400 to the wrong person that was my child support and the person wont send it back and there is no way to get ahold of cash app support to help... smh... gotta find a better app to send money.,2019-04-01,FINANCE,2019-04-01_FINANCE_39414,Everyone,today i sent to the wrong person that was my child support and the person wont send it back and there is no way to get of cash support to help got ta find a better to send money,39,2019-03-09 00:00:00,2019,3,-2,6
Chase Mobile,Arcade,2019-04-12 00:00:00,1,apps has problems staying open on the xiaomi mi mix 3,2019-05-09,FINANCE,2019-05-09_FINANCE_17162,Everyone,has problems staying open on the mi mix,8,2019-04-12 00:00:00,2019,4,-3,0
,Dan Yavuzkurt,2018-12-24 00:00:00,1,my father used to send me money through popmoney which works perfectly fine. Now he sent me some money through zelle and I try to sign up and I get the message that my debit card is not eligible. And there's no way for me to accept the money. This is completely unacceptable. There should be alternate ways to send and accept money through routing numbers and account numbers just like every other payment app in existence. This app and Company are terrible. Do not trust them.,2019-05-01,FINANCE,2019-05-01_FINANCE_15749,,my father used to send me money through which works fine Now he sent me some money through and I try to sign up and I get the that my debit card is not And there no way for me to accept the money is unacceptable There should be alternate ways to send and accept money through routing numbers and account numbers just like other payment in existence and are Do not trust them,74,2018-12-24 00:00:00,2018,12,-2,0
Chase Mobile,Edward Roberts,2019-04-23 00:00:00,1,For 2 days it has bee. unable to reach the site. Have to use online access,2019-05-09,FINANCE,2019-05-09_FINANCE_3115,Everyone,For days it has bee to reach the site Have to use access,13,2019-04-23 00:00:00,2019,4,0,0
,Vontevous Jasper,2019-04-28 00:00:00,1,i had to do a verification for my cash app account idk why but i had to do it so i did. They told me to wait 24 hours for a response but is been almost 72hours now. i email the support group i think 3 times an have not gotten a response im highly upset this shouldn't be taking this long at all.😡,2019-05-01,FINANCE,2019-05-01_FINANCE_6720,,i had to do a for my cash account but i had to do it so i did They told me to wait hours for a but is been almost now i the support group i think times an have not gotten a upset should be taking long at,49,2019-04-28 00:00:00,2019,4,-4,0
Chase Mobile,Stephen Collins,2019-04-02 00:00:00,3,it sticks often especially on the weekends,2019-04-01,FINANCE,2019-04-01_FINANCE_31757,Everyone,it sticks often on the weekends,6,2019-04-02 00:00:00,2019,4,3,0
Venmo Mobile Wallet: Send & Receive Money,,2019-02-17 00:00:00,3,I've been waiting 4 days to have the money in my account. ?????,2019-03-08,FINANCE,2019-03-08_FINANCE_17926,Everyone,I been waiting days to have the money in my account,11,2019-02-17 00:00:00,2019,2,3,0
TurboTax Tax Return App – Max Refund Guaranteed,James McCarver,2019-02-14 00:00:00,3,doing your taxes are easy but this is two years in a row that i have had trouble receiving my card. so im going somewhere else next year,2019-04-01,FINANCE,2019-04-01_FINANCE_28798,Everyone,doing your taxes are but is two years in a row that i have had my card so going else next year,22,2019-02-14 00:00:00,2019,2,-3,0
Chase Mobile,A Google User,2019-03-19 00:00:00,3,incovienent as usual from chase,2019-04-01,FINANCE,2019-04-01_FINANCE_37465,Everyone,as usual from chase,4,2019-03-19 00:00:00,2019,3,0,0
Zelle,STEPHANIE ADDISON,2019-03-29 00:00:00,3,take too long to deposit,2019-04-01,FINANCE,2019-04-01_FINANCE_317,Everyone,take too long to deposit,5,2019-03-29 00:00:00,2019,3,-3,5
Roblox,Jamie McCray,2019-05-09 00:00:00,5,y the v 5th f century d3 f fee d,2019-05-09,FAMILY,2019-05-09_FAMILY_37363,Everyone 10+,y the v f f fee d,7,2019-05-09 00:00:00,2019,5,0,0
DisneyNOW – Episodes & Live TV,,2018-10-21 00:00:00,5,Awesome app download now 😍😎😋🤣 also a great time killer.,2019-03-13,FAMILY,2019-03-13_FAMILY_22786,Everyone,now also a great time killer,6,2018-10-21 00:00:00,2018,10,3,0
Roblox,A Google User,2019-05-08 00:00:00,5,It was a good game um bloxburg is the most funniest games and so yeah I really think you would want to play this!!!!!!,2019-05-09,FAMILY,2019-05-09_FAMILY_16653,Everyone 10+,It was a good game um is the most games and so yeah I think you would want to play,20,2019-05-08 00:00:00,2019,5,4,0
WildCraft: Animal Sim Online 3D,Gacha potato Girl's,2019-03-28 00:00:00,5,you sholud add wild dogs pls!! 😃😃😃😃,2019-05-09,FAMILY,2019-05-09_FAMILY_23957,Everyone 10+,you add wild dogs,4,2019-03-28 00:00:00,2019,3,3,4
Roblox,Mama,2019-04-21 00:00:00,5,i love the game because i go OOF all the time,2019-04-21,FAMILY,2019-04-21_FAMILY_13607,Everyone 10+,i love the game i go all the time,9,2019-04-21 00:00:00,2019,4,4,0
Toca Kitchen 2,,2019-02-25 00:00:00,4,I write this for because you can make anything blend up anything but the reason it's not a v 5 you cannot have a lot of food on one plate or on the blender,2019-03-13,FAMILY,2019-03-13_FAMILY_17354,Everyone,I write for you can make blend up but the reason it not a v you can not have a lot of food on one plate or on the blender,30,2019-02-25 00:00:00,2019,2,2,0
WildCraft: Animal Sim Online 3D,A Google User,2019-03-15 00:00:00,4,i love too have a new world like forest close too a city and a new tipe of wolf and u can even pls make a type of game of wildcraft can u even make wildcraft 2 i want my dream to come true,2019-04-01,FAMILY,2019-04-01_FAMILY_11987,Everyone 10+,i love too have a new world like forest close too a and a new tipe of wolf and u can even make a type of game of can u even make i want my dream to come true,39,2019-03-15 00:00:00,2019,3,4,0
Toca Kitchen 2,,2019-01-18 00:00:00,4,I love it and so funny,2019-03-13,FAMILY,2019-03-13_FAMILY_11148,Everyone,I love it and so,5,2019-01-18 00:00:00,2019,1,4,0
DisneyNOW – Episodes & Live TV,A Google User,2019-04-05 00:00:00,4,you can kill time with this app and is very good because you can see different shows and more. I am vey happy but i think they should have more shows .,2019-04-01,FAMILY,2019-04-01_FAMILY_27233,Everyone,you can kill time with and is very good you can see different shows and more I am but i think they should have more shows,26,2019-04-05 00:00:00,2019,4,4,0
WildCraft: Animal Sim Online 3D,,2019-02-23 00:00:00,4,"i havent played it yet ive seen other people play it and it looks fun but everytime i try to download it. it says ""You need wifi to download this app"" AND I HAVE WIFI",2019-03-13,FAMILY,2019-03-13_FAMILY_25394,Everyone 10+,i havent played it yet seen other play it and it looks fun but i try to it it says You need to AND I HAVE,26,2019-02-23 00:00:00,2019,2,4,0
WildCraft: Animal Sim Online 3D,idk,2019-04-07 00:00:00,2,"Lowered my rating cause many people hack this game and i think more security should be added for fair gameplay. Hence that being said, leveling up takes up too much time and i think their should be achievments where u get diamonds as a reward and daily login rewards. I havent played in a while but last time i was on i didnt see this and i think u should add in a better account saving progress like linked to facebook or gmail since i had a level 67 wolf and lost it when uninstalling. Plz fix this!",2019-05-09,FAMILY,2019-05-09_FAMILY_19729,Everyone 10+,Lowered my rating many hack game and i think more should be added for fair that being said leveling up takes up too much time and i think their should be where u get diamonds as a reward and login rewards I havent played in a while but last time i was on i didnt see and i think u should add in a better account saving progress like linked to or i had a level wolf and lost it when fix,82,2019-04-07 00:00:00,2019,4,0,8
Toca Kitchen 2,,2018-12-14 00:00:00,2,It is good but not good at the same time,2019-03-13,FAMILY,2019-03-13_FAMILY_8698,Everyone,It is good but not good at the same time,10,2018-12-14 00:00:00,2018,12,0,0
Minion Rush: Despicable Me Official Game,Gigi3arch,2019-04-12 00:00:00,2,"Adesso non mi piace più come prima... Mi ricordo che nelle prime versioni non era così, mi ricordo che cominciavo e arrivando ad un certo punto dovevo sconfiggere Vector ma non era a livelli come ADESSO... adesso fa schifo non è bello come prima",2019-05-09,FAMILY,2019-05-09_FAMILY_27227,Everyone 10+,non mi come prima Mi che prime non era mi che e ad un punto Vector ma non era a come fa non come prima,25,2019-04-12 00:00:00,2019,4,0,0
,Ava Conway,2019-04-26 00:00:00,2,i can't give birth to a baby on this game it frustrating 😫 and I am at level 10 and I try to sleep but it doesn't work no matter how many times I fall asleep.,2019-05-01,FAMILY,2019-05-01_FAMILY_4491,,i ca give birth to a on game it and I am at level and I try to sleep but it does work no matter how many times I fall asleep,31,2019-04-26 00:00:00,2019,4,0,0
Love Poly - New puzzle game,A Google User,2019-03-12 00:00:00,2,Could there possibly be any more ads? *SARCASM*,2019-04-01,FAMILY,2019-04-01_FAMILY_35350,Everyone,Could there be any more ads,6,2019-03-12 00:00:00,2019,3,-3,0
Roblox,Aaron M,2019-04-06 00:00:00,1,it won't let me on it,2019-04-01,FAMILY,2019-04-01_FAMILY_11472,Everyone 10+,it wo let me on it,6,2019-04-06 00:00:00,2019,4,-2,0
Roblox,mini luna panfa,2019-05-09 00:00:00,1,i cant i does not let me,2019-05-09,FAMILY,2019-05-09_FAMILY_20782,Everyone 10+,i cant i does not let me,7,2019-05-09 00:00:00,2019,5,-2,0
Minion Rush: Despicable Me Official Game,bey sach,2019-03-21 00:00:00,1,really? need wait to play ? the old version is enjoyable you all should uninstall this even my link account still got nothing,2019-04-01,FAMILY,2019-04-01_FAMILY_4751,Everyone 10+,need wait to play the old version is enjoyable you all should even my link account still got,18,2019-03-21 00:00:00,2019,3,-2,0
WildCraft: Animal Sim Online 3D,shadow pack,2019-04-24 00:00:00,1,i lost all my things i had all the mystics can u give all my mystics back on my new acc username-wolferton,2019-05-09,FAMILY,2019-05-09_FAMILY_3765,Everyone 10+,i lost all my things i had all the mystics can u give all my mystics back on my new,20,2019-04-24 00:00:00,2019,4,0,0
Roblox,A Google User,2019-03-31 00:00:00,1,Every time I try to open a game it kicks me of the app 😔,2019-04-01,FAMILY,2019-04-01_FAMILY_38338,Everyone 10+,time I try to open a game it kicks me of the,12,2019-03-31 00:00:00,2019,3,-3,0
DisneyNOW – Episodes & Live TV,Lanisha Robinson,2019-04-18 00:00:00,3,It didnt work it keeps crashing everytime I open it.,2019-05-09,FAMILY,2019-05-09_FAMILY_14721,Everyone,It didnt work it keeps crashing I open it,9,2019-04-18 00:00:00,2019,4,-4,0
Roblox,A Google User,2019-03-31 00:00:00,3,it would take FOREVER to load but it was fun once I started playing it,2019-04-01,FAMILY,2019-04-01_FAMILY_36616,Everyone 10+,it would take to load but it was fun I started playing it,13,2019-03-31 00:00:00,2019,3,3,3
Super Bino Go - New Games 2019,A Google User,2019-03-14 00:00:00,3,This game is almost like Super Mario .very nice app to have,2019-04-01,FAMILY,2019-04-01_FAMILY_37867,Everyone,game is almost like Super nice to have,8,2019-03-14 00:00:00,2019,3,4,0
,Sameer Rambharose,2019-04-25 00:00:00,3,awesome as heck I also love d levels and all different characters u can collect,2019-05-01,FAMILY,2019-05-01_FAMILY_22693,,as heck I also love d levels and all different u can collect,13,2019-04-25 00:00:00,2019,4,4,0
,Mark Conti,2019-04-20 00:00:00,3,why are the camera and mic needed for this app. very unnecessary. trying to turn them off but the permission section is un-editable,2019-05-01,FAMILY,2019-05-01_FAMILY_35582,,are the camera and needed for very trying to turn them off but the section is,16,2019-04-20 00:00:00,2019,4,0,0
